-- phpMyAdmin SQL Dump
-- version 5.0.2
-- https://www.phpmyadmin.net/
--
-- Host: localhost:3306
-- Generation Time: Jul 30, 2020 at 10:43 AM
-- Server version: 5.7.24
-- PHP Version: 7.2.19

SET SQL_MODE = "NO_AUTO_VALUE_ON_ZERO";
START TRANSACTION;
SET time_zone = "+00:00";


/*!40101 SET @OLD_CHARACTER_SET_CLIENT=@@CHARACTER_SET_CLIENT */;
/*!40101 SET @OLD_CHARACTER_SET_RESULTS=@@CHARACTER_SET_RESULTS */;
/*!40101 SET @OLD_COLLATION_CONNECTION=@@COLLATION_CONNECTION */;
/*!40101 SET NAMES utf8mb4 */;

--
-- Database: `db_acl`
--

-- --------------------------------------------------------

--
-- Table structure for table `ci_sessions`
--

CREATE TABLE `ci_sessions` (
  `id` varchar(128) NOT NULL,
  `ip_address` varchar(45) NOT NULL,
  `timestamp` int(10) UNSIGNED NOT NULL DEFAULT '0',
  `data` blob NOT NULL
) ENGINE=MyISAM DEFAULT CHARSET=utf8;

--
-- Dumping data for table `ci_sessions`
--

INSERT INTO `ci_sessions` (`id`, `ip_address`, `timestamp`, `data`) VALUES
('be2cab71fbf1579f120d7f09f0aeddb1d8a04359', '::1', 1596030842, 0x5f5f63695f6c6173745f726567656e65726174657c693a313539363033303834323b6964656e746974797c733a31353a2261646d696e4061646d696e2e636f6d223b656d61696c7c733a31353a2261646d696e4061646d696e2e636f6d223b757365725f69647c733a313a2231223b6f6c645f6c6173745f6c6f67696e7c733a31303a2231323638383839383233223b6c6173745f636865636b7c693a313539363033303834323b696f6e5f617574685f73657373696f6e5f686173687c733a34303a2236353833643663346632303539393865636163633966353162363861326132653434656130303036223b),
('497f2b3e3d79c6a27dd328fa642b4b5b2299c141', '::1', 1596031377, 0x5f5f63695f6c6173745f726567656e65726174657c693a313539363033313337373b),
('6aecb783151baf733def078d2880d187b83c4d7f', '::1', 1596032811, 0x5f5f63695f6c6173745f726567656e65726174657c693a313539363033323831313b6d6573736167657c733a32323a223c703e496e636f7272656374204c6f67696e3c2f703e223b5f5f63695f766172737c613a313a7b733a373a226d657373616765223b733a333a226f6c64223b7d),
('48efdcf8c5a2d0de19c98acebdb4e908c00313a9', '::1', 1596033661, 0x5f5f63695f6c6173745f726567656e65726174657c693a313539363033333636313b),
('dba18b4c9031f4cb7b94ae6841d7c0060e80a1ad', '::1', 1596034389, 0x5f5f63695f6c6173745f726567656e65726174657c693a313539363033343338393b),
('203f61f60ac4801062ed320fdb8fdb78ca49dd31', '::1', 1596034748, 0x5f5f63695f6c6173745f726567656e65726174657c693a313539363033343734383b),
('9ea7704d24cbc082de02b4162c53aa4e56705a18', '::1', 1596035066, 0x5f5f63695f6c6173745f726567656e65726174657c693a313539363033353036363b),
('13f698ba77713181e77a70791e62a37e2a9e90f9', '::1', 1596035397, 0x5f5f63695f6c6173745f726567656e65726174657c693a313539363033353339373b),
('3cd7f3ef2a40131f7076ed0959098027b481b98d', '::1', 1596035671, 0x5f5f63695f6c6173745f726567656e65726174657c693a313539363033353637313b6964656e746974797c733a31353a2261646d696e4061646d696e2e636f6d223b656d61696c7c733a31353a2261646d696e4061646d696e2e636f6d223b757365725f69647c733a313a2231223b6f6c645f6c6173745f6c6f67696e7c733a31303a2231353936303330383432223b6c6173745f636865636b7c693a313539363033353637313b696f6e5f617574685f73657373696f6e5f686173687c733a34303a2236353833643663346632303539393865636163633966353162363861326132653434656130303036223b),
('17ac5740a76d238dd6474973b7f6f12afd4307a2', '::1', 1596035714, 0x5f5f63695f6c6173745f726567656e65726174657c693a313539363033353731343b6964656e746974797c733a31353a2261646d696e4061646d696e2e636f6d223b656d61696c7c733a31353a2261646d696e4061646d696e2e636f6d223b757365725f69647c733a313a2231223b6f6c645f6c6173745f6c6f67696e7c733a31303a2231353936303335363731223b6c6173745f636865636b7c693a313539363033353731343b696f6e5f617574685f73657373696f6e5f686173687c733a34303a2236353833643663346632303539393865636163633966353162363861326132653434656130303036223b),
('3dff990c5b6aa7b8b1dca39245239ef829e822f9', '::1', 1596036041, 0x5f5f63695f6c6173745f726567656e65726174657c693a313539363033363034313b6d6573736167657c733a32323a223c703e496e636f7272656374204c6f67696e3c2f703e223b5f5f63695f766172737c613a313a7b733a373a226d657373616765223b733a333a226f6c64223b7d),
('7fd324e2b9064d266562a7f45d07c21dbe0a4e51', '::1', 1596036313, 0x5f5f63695f6c6173745f726567656e65726174657c693a313539363033363331333b6964656e746974797c733a31353a2261646d696e4061646d696e2e636f6d223b656d61696c7c733a31353a2261646d696e4061646d696e2e636f6d223b757365725f69647c733a313a2231223b6f6c645f6c6173745f6c6f67696e7c733a31303a2231353936303335373134223b6c6173745f636865636b7c693a313539363033363331333b696f6e5f617574685f73657373696f6e5f686173687c733a34303a2236353833643663346632303539393865636163633966353162363861326132653434656130303036223b),
('d11459d8139220e44420cef7f73b7687a044e007', '::1', 1596038383, 0x5f5f63695f6c6173745f726567656e65726174657c693a313539363033383338333b),
('d70e25f1e7039970ce6252500bcf593bd3399452', '::1', 1596038384, 0x5f5f63695f6c6173745f726567656e65726174657c693a313539363033383338343b6964656e746974797c733a31353a2261646d696e4061646d696e2e636f6d223b656d61696c7c733a31353a2261646d696e4061646d696e2e636f6d223b757365725f69647c733a313a2231223b6f6c645f6c6173745f6c6f67696e7c733a31303a2231353936303336333133223b6c6173745f636865636b7c693a313539363033383338343b696f6e5f617574685f73657373696f6e5f686173687c733a34303a2236353833643663346632303539393865636163633966353162363861326132653434656130303036223b),
('fe72fd7462a0115093446cf9003e59b2b9f79862', '::1', 1596037700, 0x5f5f63695f6c6173745f726567656e65726174657c693a313539363033373730303b6d6573736167657c733a33323a223c703e50617373776f726420526573657420456d61696c2053656e743c2f703e223b5f5f63695f766172737c613a313a7b733a373a226d657373616765223b733a333a226f6c64223b7d),
('1e2ecc4fa3c30bff9c513e7206a00748b628dd5f', '::1', 1596038398, 0x5f5f63695f6c6173745f726567656e65726174657c693a313539363033383339383b6964656e746974797c733a31353a2261646d696e4061646d696e2e636f6d223b656d61696c7c733a31353a2261646d696e4061646d696e2e636f6d223b757365725f69647c733a313a2231223b6f6c645f6c6173745f6c6f67696e7c733a31303a2231353936303338333834223b6c6173745f636865636b7c693a313539363033383339383b696f6e5f617574685f73657373696f6e5f686173687c733a34303a2236353833643663346632303539393865636163633966353162363861326132653434656130303036223b),
('616c23e6d35be218dde82d914d81b134b79f2e04', '::1', 1596041851, 0x5f5f63695f6c6173745f726567656e65726174657c693a313539363034313835313b6964656e746974797c733a31353a2261646d696e4061646d696e2e636f6d223b656d61696c7c733a31353a2261646d696e4061646d696e2e636f6d223b757365725f69647c733a313a2231223b6f6c645f6c6173745f6c6f67696e7c733a31303a2231353936303338333834223b6c6173745f636865636b7c693a313539363033383339383b696f6e5f617574685f73657373696f6e5f686173687c733a34303a2236353833643663346632303539393865636163633966353162363861326132653434656130303036223b),
('78d410157b3bb7d83008a84583d2f73be2fed8e2', '::1', 1596041863, 0x5f5f63695f6c6173745f726567656e65726174657c693a313539363034313836333b6964656e746974797c733a31353a2261646d696e4061646d696e2e636f6d223b656d61696c7c733a31353a2261646d696e4061646d696e2e636f6d223b757365725f69647c733a313a2231223b6f6c645f6c6173745f6c6f67696e7c733a31303a2231353936303338333938223b6c6173745f636865636b7c693a313539363034313836333b696f6e5f617574685f73657373696f6e5f686173687c733a34303a2236353833643663346632303539393865636163633966353162363861326132653434656130303036223b),
('22dfc0663643d1787457ded8513a0cc9dd641314', '::1', 1596042213, 0x5f5f63695f6c6173745f726567656e65726174657c693a313539363034323231333b6964656e746974797c733a31353a2261646d696e4061646d696e2e636f6d223b656d61696c7c733a31353a2261646d696e4061646d696e2e636f6d223b757365725f69647c733a313a2231223b6f6c645f6c6173745f6c6f67696e7c733a31303a2231353936303338333938223b6c6173745f636865636b7c693a313539363034313836333b696f6e5f617574685f73657373696f6e5f686173687c733a34303a2236353833643663346632303539393865636163633966353162363861326132653434656130303036223b),
('818d2beae736dff257e8d3d84fc17df1f6519581', '::1', 1596042927, 0x5f5f63695f6c6173745f726567656e65726174657c693a313539363034323932373b6964656e746974797c733a31353a2261646d696e4061646d696e2e636f6d223b656d61696c7c733a31353a2261646d696e4061646d696e2e636f6d223b757365725f69647c733a313a2231223b6f6c645f6c6173745f6c6f67696e7c733a31303a2231353936303338333938223b6c6173745f636865636b7c693a313539363034313836333b696f6e5f617574685f73657373696f6e5f686173687c733a34303a2236353833643663346632303539393865636163633966353162363861326132653434656130303036223b),
('7cadbca89adc987a4fbc3db439d5764cec02e25e', '::1', 1596043449, 0x5f5f63695f6c6173745f726567656e65726174657c693a313539363034333434393b),
('e3deeb69515746bc2227a2976895edb517749627', '::1', 1596043538, 0x5f5f63695f6c6173745f726567656e65726174657c693a313539363034333533383b6964656e746974797c733a31353a2261646d696e4061646d696e2e636f6d223b656d61696c7c733a31353a2261646d696e4061646d696e2e636f6d223b757365725f69647c733a313a2231223b6f6c645f6c6173745f6c6f67696e7c733a31303a2231353936303431383633223b6c6173745f636865636b7c693a313539363034333533383b696f6e5f617574685f73657373696f6e5f686173687c733a34303a2236353833643663346632303539393865636163633966353162363861326132653434656130303036223b),
('a464b6cbc0841ee1c9131019f8497fe38c86278f', '::1', 1596044112, 0x5f5f63695f6c6173745f726567656e65726174657c693a313539363034343131323b6964656e746974797c733a31353a2261646d696e4061646d696e2e636f6d223b656d61696c7c733a31353a2261646d696e4061646d696e2e636f6d223b757365725f69647c733a313a2231223b6f6c645f6c6173745f6c6f67696e7c733a31303a2231353936303431383633223b6c6173745f636865636b7c693a313539363034333533383b696f6e5f617574685f73657373696f6e5f686173687c733a34303a2236353833643663346632303539393865636163633966353162363861326132653434656130303036223b6d6573736167657c733a32393a223c703e4c6f6767656420496e205375636365737366756c6c793c2f703e223b5f5f63695f766172737c613a313a7b733a373a226d657373616765223b733a333a226f6c64223b7d),
('4986132fa95a39172b6a7995b40650a74cafa228', '::1', 1596044125, 0x5f5f63695f6c6173745f726567656e65726174657c693a313539363034343132353b6964656e746974797c733a31353a2261646d696e4061646d696e2e636f6d223b656d61696c7c733a31353a2261646d696e4061646d696e2e636f6d223b757365725f69647c733a313a2231223b6f6c645f6c6173745f6c6f67696e7c733a31303a2231353936303433353338223b6c6173745f636865636b7c693a313539363034343132353b696f6e5f617574685f73657373696f6e5f686173687c733a34303a2236353833643663346632303539393865636163633966353162363861326132653434656130303036223b),
('f2ef65d9e975b34cc00505008c1a06580cba1726', '::1', 1596044702, 0x5f5f63695f6c6173745f726567656e65726174657c693a313539363034343730323b6964656e746974797c733a31353a2261646d696e4061646d696e2e636f6d223b656d61696c7c733a31353a2261646d696e4061646d696e2e636f6d223b757365725f69647c733a313a2231223b6f6c645f6c6173745f6c6f67696e7c733a31303a2231353936303433353338223b6c6173745f636865636b7c693a313539363034343132353b696f6e5f617574685f73657373696f6e5f686173687c733a34303a2236353833643663346632303539393865636163633966353162363861326132653434656130303036223b6d6573736167657c733a32393a223c703e4c6f6767656420496e205375636365737366756c6c793c2f703e223b5f5f63695f766172737c613a313a7b733a373a226d657373616765223b733a333a226f6c64223b7d),
('e35d97a3fd3c7df35695a9a41e008ecc8edb76f0', '::1', 1596045059, 0x5f5f63695f6c6173745f726567656e65726174657c693a313539363034353035393b6964656e746974797c733a31353a2261646d696e4061646d696e2e636f6d223b656d61696c7c733a31353a2261646d696e4061646d696e2e636f6d223b757365725f69647c733a313a2231223b6f6c645f6c6173745f6c6f67696e7c733a31303a2231353936303433353338223b6c6173745f636865636b7c693a313539363034343132353b696f6e5f617574685f73657373696f6e5f686173687c733a34303a2236353833643663346632303539393865636163633966353162363861326132653434656130303036223b),
('74e254130b9a0d133c7bc1cc0dda9f69e53a5156', '::1', 1596045701, 0x5f5f63695f6c6173745f726567656e65726174657c693a313539363034353730313b6964656e746974797c733a31353a2261646d696e4061646d696e2e636f6d223b656d61696c7c733a31353a2261646d696e4061646d696e2e636f6d223b757365725f69647c733a313a2231223b6f6c645f6c6173745f6c6f67696e7c733a31303a2231353936303433353338223b6c6173745f636865636b7c693a313539363034343132353b696f6e5f617574685f73657373696f6e5f686173687c733a34303a2236353833643663346632303539393865636163633966353162363861326132653434656130303036223b),
('67678a46938a36f7525be215cae65a89d398896d', '::1', 1596046092, 0x5f5f63695f6c6173745f726567656e65726174657c693a313539363034363039323b6964656e746974797c733a31353a2261646d696e4061646d696e2e636f6d223b656d61696c7c733a31353a2261646d696e4061646d696e2e636f6d223b757365725f69647c733a313a2231223b6f6c645f6c6173745f6c6f67696e7c733a31303a2231353936303433353338223b6c6173745f636865636b7c693a313539363034343132353b696f6e5f617574685f73657373696f6e5f686173687c733a34303a2236353833643663346632303539393865636163633966353162363861326132653434656130303036223b),
('96da31b4682f4b87f195b687e365b3fbc42bc2b9', '::1', 1596049231, 0x5f5f63695f6c6173745f726567656e65726174657c693a313539363034393233313b6964656e746974797c733a31353a2261646d696e4061646d696e2e636f6d223b656d61696c7c733a31353a2261646d696e4061646d696e2e636f6d223b757365725f69647c733a313a2231223b6f6c645f6c6173745f6c6f67696e7c733a31303a2231353936303433353338223b6c6173745f636865636b7c693a313539363034343132353b696f6e5f617574685f73657373696f6e5f686173687c733a34303a2236353833643663346632303539393865636163633966353162363861326132653434656130303036223b),
('22acb5d7e2b98ec2f43218cffff5aee0a3cebfcd', '::1', 1596052556, 0x5f5f63695f6c6173745f726567656e65726174657c693a313539363035323535363b6964656e746974797c733a31353a2261646d696e4061646d696e2e636f6d223b656d61696c7c733a31353a2261646d696e4061646d696e2e636f6d223b757365725f69647c733a313a2231223b6f6c645f6c6173745f6c6f67696e7c733a31303a2231353936303433353338223b6c6173745f636865636b7c693a313539363034343132353b696f6e5f617574685f73657373696f6e5f686173687c733a34303a2236353833643663346632303539393865636163633966353162363861326132653434656130303036223b),
('ba448df3d650e4f5b06947578b4da46e297902c6', '::1', 1596052659, 0x5f5f63695f6c6173745f726567656e65726174657c693a313539363035323630313b),
('ja5ofrl2bpfomrqcn7uco2rfpg44f0fl', '::1', 1596094377, 0x5f5f63695f6c6173745f726567656e65726174657c693a313539363039343337373b6d6573736167657c733a32323a223c703e496e636f7272656374204c6f67696e3c2f703e223b5f5f63695f766172737c613a313a7b733a373a226d657373616765223b733a333a226f6c64223b7d),
('1335v8ojatebvnp8elgkoej9t087v498', '::1', 1596094772, 0x5f5f63695f6c6173745f726567656e65726174657c693a313539363039343737323b),
('jnm9737jkp0vkfg1a36k7a7tijm9jr40', '::1', 1596095081, 0x5f5f63695f6c6173745f726567656e65726174657c693a313539363039353038313b),
('umnkbttpqq6vmsoleu20jrvqdee4cfk0', '::1', 1596095118, 0x5f5f63695f6c6173745f726567656e65726174657c693a313539363039353131383b6964656e746974797c733a31353a2261646d696e4061646d696e2e636f6d223b656d61696c7c733a31353a2261646d696e4061646d696e2e636f6d223b757365725f69647c733a313a2231223b6f6c645f6c6173745f6c6f67696e7c733a31303a2231353936303434313235223b6c6173745f636865636b7c693a313539363039353131373b696f6e5f617574685f73657373696f6e5f686173687c733a34303a2236353833643663346632303539393865636163633966353162363861326132653434656130303036223b),
('sarmem4f2qi7sg8p2nlsj5njlngnmltp', '::1', 1596095463, 0x5f5f63695f6c6173745f726567656e65726174657c693a313539363039353436333b),
('pqakikel7dahar984k481p4df11jvci5', '::1', 1596095950, 0x5f5f63695f6c6173745f726567656e65726174657c693a313539363039353935303b),
('6nppnhse98fmb6meecgiv9opc049a062', '::1', 1596096401, 0x5f5f63695f6c6173745f726567656e65726174657c693a313539363039363430313b6d6573736167657c733a32323a223c703e496e636f7272656374204c6f67696e3c2f703e223b5f5f63695f766172737c613a313a7b733a373a226d657373616765223b733a333a226f6c64223b7d),
('9v5ah1961i8j4f5vu7lgcbrhls25icrr', '::1', 1596096725, 0x5f5f63695f6c6173745f726567656e65726174657c693a313539363039363732353b6d6573736167657c733a32323a223c703e496e636f7272656374204c6f67696e3c2f703e223b5f5f63695f766172737c613a313a7b733a373a226d657373616765223b733a333a226f6c64223b7d),
('dejhfklg2j2nouq4e3bt87loq1iukb09', '::1', 1596097073, 0x5f5f63695f6c6173745f726567656e65726174657c693a313539363039373037333b6d6573736167657c733a32323a223c703e496e636f7272656374204c6f67696e3c2f703e223b5f5f63695f766172737c613a313a7b733a373a226d657373616765223b733a333a226f6c64223b7d),
('uc4m5n6f1d0co1s800oah8csra5r010g', '::1', 1596097487, 0x5f5f63695f6c6173745f726567656e65726174657c693a313539363039373438373b),
('134apn4jtgcn0vmsqetopk12dtnu0dvf', '::1', 1596097803, 0x5f5f63695f6c6173745f726567656e65726174657c693a313539363039373830333b),
('sfkntc52k3svq0o0c5qp8f4nklj5fbki', '::1', 1596098133, 0x5f5f63695f6c6173745f726567656e65726174657c693a313539363039383133333b6572726f72737c733a32323a223c703e496e636f7272656374204c6f67696e3c2f703e223b5f5f63695f766172737c613a313a7b733a363a226572726f7273223b733a333a226f6c64223b7d),
('svbd2p40g7nts27rtk459vobicr1ieao', '::1', 1596098498, 0x5f5f63695f6c6173745f726567656e65726174657c693a313539363039383439383b),
('2cql2djiplmr1cfbs3e33udmu2gfdtu1', '::1', 1596098839, 0x5f5f63695f6c6173745f726567656e65726174657c693a313539363039383833393b6d6573736167657c733a32353a2250617373776f726420526573657420456d61696c2053656e74223b5f5f63695f766172737c613a313a7b733a373a226d657373616765223b733a333a226f6c64223b7d),
('pvh6tkd5jt8v57es9u2b2fabsttgck9n', '::1', 1596098934, 0x5f5f63695f6c6173745f726567656e65726174657c693a313539363039383933343b6964656e746974797c733a31353a2261646d696e4061646d696e2e636f6d223b656d61696c7c733a31353a2261646d696e4061646d696e2e636f6d223b757365725f69647c733a313a2231223b6f6c645f6c6173745f6c6f67696e7c733a31303a2231353936303935313137223b6c6173745f636865636b7c693a313539363039383933343b696f6e5f617574685f73657373696f6e5f686173687c733a34303a2236353833643663346632303539393865636163633966353162363861326132653434656130303036223b),
('t506gdeivd072i618bqj7qikhj58l1av', '::1', 1596099343, 0x5f5f63695f6c6173745f726567656e65726174657c693a313539363039393334333b6964656e746974797c733a31353a2261646d696e4061646d696e2e636f6d223b656d61696c7c733a31353a2261646d696e4061646d696e2e636f6d223b757365725f69647c733a313a2231223b6f6c645f6c6173745f6c6f67696e7c733a31303a2231353936303935313137223b6c6173745f636865636b7c693a313539363039383933343b696f6e5f617574685f73657373696f6e5f686173687c733a34303a2236353833643663346632303539393865636163633966353162363861326132653434656130303036223b),
('g2anfak1ruph3aq211f2kn217v3ham8n', '::1', 1596099355, 0x5f5f63695f6c6173745f726567656e65726174657c693a313539363039393335353b6964656e746974797c733a31353a2261646d696e4061646d696e2e636f6d223b656d61696c7c733a31353a2261646d696e4061646d696e2e636f6d223b757365725f69647c733a313a2231223b6f6c645f6c6173745f6c6f67696e7c733a31303a2231353936303938393334223b6c6173745f636865636b7c693a313539363039393335353b696f6e5f617574685f73657373696f6e5f686173687c733a34303a2236353833643663346632303539393865636163633966353162363861326132653434656130303036223b),
('vdveoub9952ev4v4iul0s94vlsl0f2iu', '::1', 1596099766, 0x5f5f63695f6c6173745f726567656e65726174657c693a313539363039393736363b),
('s5h3ktnckof4tlfgfr676f8c4cm1a0jj', '::1', 1596100071, 0x5f5f63695f6c6173745f726567656e65726174657c693a313539363130303037313b),
('bsqqiaklk7ir67figitdc53978qqcobn', '::1', 1596100518, 0x5f5f63695f6c6173745f726567656e65726174657c693a313539363130303531383b),
('bf8q7rc48uuo28n94b7cgofe21hdpmed', '::1', 1596101023, 0x5f5f63695f6c6173745f726567656e65726174657c693a313539363130313032333b),
('34vau8tcioedl15o45rq9uicku7f4bui', '::1', 1596101326, 0x5f5f63695f6c6173745f726567656e65726174657c693a313539363130313332363b),
('qelb0gopn0rto40c5guk2fjaou7ha1mc', '::1', 1596101327, 0x5f5f63695f6c6173745f726567656e65726174657c693a313539363130313332373b6964656e746974797c733a31353a2261646d696e4061646d696e2e636f6d223b656d61696c7c733a31353a2261646d696e4061646d696e2e636f6d223b757365725f69647c733a313a2231223b6f6c645f6c6173745f6c6f67696e7c733a31303a2231353936303939333535223b6c6173745f636865636b7c693a313539363130313332373b696f6e5f617574685f73657373696f6e5f686173687c733a34303a2236353833643663346632303539393865636163633966353162363861326132653434656130303036223b),
('ul2i5gohv4fmo1832ovp2lrs5igtq6op', '::1', 1596101640, 0x5f5f63695f6c6173745f726567656e65726174657c693a313539363130313634303b6964656e746974797c733a31353a2261646d696e4061646d696e2e636f6d223b656d61696c7c733a31353a2261646d696e4061646d696e2e636f6d223b757365725f69647c733a313a2231223b6f6c645f6c6173745f6c6f67696e7c733a31303a2231353936303939333535223b6c6173745f636865636b7c693a313539363130313332373b696f6e5f617574685f73657373696f6e5f686173687c733a34303a2236353833643663346632303539393865636163633966353162363861326132653434656130303036223b),
('jlotsvevshrc9vlr42nqhs457meofqnh', '::1', 1596101941, 0x5f5f63695f6c6173745f726567656e65726174657c693a313539363130313934313b6964656e746974797c733a31353a2261646d696e4061646d696e2e636f6d223b656d61696c7c733a31353a2261646d696e4061646d696e2e636f6d223b757365725f69647c733a313a2231223b6f6c645f6c6173745f6c6f67696e7c733a31303a2231353936303939333535223b6c6173745f636865636b7c693a313539363130313332373b696f6e5f617574685f73657373696f6e5f686173687c733a34303a2236353833643663346632303539393865636163633966353162363861326132653434656130303036223b),
('7tcslgc29n3vnf6t5ron6ekph42d72bf', '::1', 1596102334, 0x5f5f63695f6c6173745f726567656e65726174657c693a313539363130323333343b6964656e746974797c733a31353a2261646d696e4061646d696e2e636f6d223b656d61696c7c733a31353a2261646d696e4061646d696e2e636f6d223b757365725f69647c733a313a2231223b6f6c645f6c6173745f6c6f67696e7c733a31303a2231353936303939333535223b6c6173745f636865636b7c693a313539363130313332373b696f6e5f617574685f73657373696f6e5f686173687c733a34303a2236353833643663346632303539393865636163633966353162363861326132653434656130303036223b),
('c3bgk13ksf2c1b36119t7lr2bti0qpff', '::1', 1596102721, 0x5f5f63695f6c6173745f726567656e65726174657c693a313539363130323732313b6964656e746974797c733a31353a2261646d696e4061646d696e2e636f6d223b656d61696c7c733a31353a2261646d696e4061646d696e2e636f6d223b757365725f69647c733a313a2231223b6f6c645f6c6173745f6c6f67696e7c733a31303a2231353936303939333535223b6c6173745f636865636b7c693a313539363130313332373b696f6e5f617574685f73657373696f6e5f686173687c733a34303a2236353833643663346632303539393865636163633966353162363861326132653434656130303036223b),
('kllqera7oc9v0818dfrq95kqgplnsj2j', '::1', 1596103060, 0x5f5f63695f6c6173745f726567656e65726174657c693a313539363130333036303b6964656e746974797c733a31353a2261646d696e4061646d696e2e636f6d223b656d61696c7c733a31353a2261646d696e4061646d696e2e636f6d223b757365725f69647c733a313a2231223b6f6c645f6c6173745f6c6f67696e7c733a31303a2231353936303939333535223b6c6173745f636865636b7c693a313539363130313332373b696f6e5f617574685f73657373696f6e5f686173687c733a34303a2236353833643663346632303539393865636163633966353162363861326132653434656130303036223b),
('56b962d79p1rgovffkpeb4erra93v3ag', '::1', 1596103979, 0x5f5f63695f6c6173745f726567656e65726174657c693a313539363130333937393b6964656e746974797c733a31353a2261646d696e4061646d696e2e636f6d223b656d61696c7c733a31353a2261646d696e4061646d696e2e636f6d223b757365725f69647c733a313a2231223b6f6c645f6c6173745f6c6f67696e7c733a31303a2231353936303939333535223b6c6173745f636865636b7c693a313539363130313332373b696f6e5f617574685f73657373696f6e5f686173687c733a34303a2236353833643663346632303539393865636163633966353162363861326132653434656130303036223b),
('u55oi3vkdtrga2j4p820in589fmipr6v', '::1', 1596104611, 0x5f5f63695f6c6173745f726567656e65726174657c693a313539363130343631313b6964656e746974797c733a31353a2261646d696e4061646d696e2e636f6d223b656d61696c7c733a31353a2261646d696e4061646d696e2e636f6d223b757365725f69647c733a313a2231223b6f6c645f6c6173745f6c6f67696e7c733a31303a2231353936303939333535223b6c6173745f636865636b7c693a313539363130313332373b696f6e5f617574685f73657373696f6e5f686173687c733a34303a2236353833643663346632303539393865636163633966353162363861326132653434656130303036223b),
('kdf08u6jlelulnoibqmt7s5ouu31k5j7', '::1', 1596104914, 0x5f5f63695f6c6173745f726567656e65726174657c693a313539363130343931343b6964656e746974797c733a31353a2261646d696e4061646d696e2e636f6d223b656d61696c7c733a31353a2261646d696e4061646d696e2e636f6d223b757365725f69647c733a313a2231223b6f6c645f6c6173745f6c6f67696e7c733a31303a2231353936303939333535223b6c6173745f636865636b7c693a313539363130313332373b696f6e5f617574685f73657373696f6e5f686173687c733a34303a2236353833643663346632303539393865636163633966353162363861326132653434656130303036223b),
('3tlo90c981erefa2u24ro6e6fh6epfcp', '::1', 1596105235, 0x5f5f63695f6c6173745f726567656e65726174657c693a313539363130353233353b6964656e746974797c733a31353a2261646d696e4061646d696e2e636f6d223b656d61696c7c733a31353a2261646d696e4061646d696e2e636f6d223b757365725f69647c733a313a2231223b6f6c645f6c6173745f6c6f67696e7c733a31303a2231353936303939333535223b6c6173745f636865636b7c693a313539363130313332373b696f6e5f617574685f73657373696f6e5f686173687c733a34303a2236353833643663346632303539393865636163633966353162363861326132653434656130303036223b),
('jlkrcs6h1eclum99ng6gi0lnotbach4d', '::1', 1596105508, 0x5f5f63695f6c6173745f726567656e65726174657c693a313539363130353530383b6964656e746974797c733a31353a2261646d696e4061646d696e2e636f6d223b656d61696c7c733a31353a2261646d696e4061646d696e2e636f6d223b757365725f69647c733a313a2231223b6f6c645f6c6173745f6c6f67696e7c733a31303a2231353936313031333237223b6c6173745f636865636b7c693a313539363130353530383b696f6e5f617574685f73657373696f6e5f686173687c733a34303a2236353833643663346632303539393865636163633966353162363861326132653434656130303036223b),
('5o0akrtp586dfispqh0ck8otug2hjek0', '::1', 1596105704, 0x5f5f63695f6c6173745f726567656e65726174657c693a313539363130353530383b6964656e746974797c733a31353a2261646d696e4061646d696e2e636f6d223b656d61696c7c733a31353a2261646d696e4061646d696e2e636f6d223b757365725f69647c733a313a2231223b6f6c645f6c6173745f6c6f67696e7c733a31303a2231353936313031333237223b6c6173745f636865636b7c693a313539363130353530383b696f6e5f617574685f73657373696f6e5f686173687c733a34303a2236353833643663346632303539393865636163633966353162363861326132653434656130303036223b);

-- --------------------------------------------------------

--
-- Table structure for table `groups`
--

CREATE TABLE `groups` (
  `id` mediumint(8) UNSIGNED NOT NULL,
  `name` varchar(20) NOT NULL,
  `description` varchar(100) NOT NULL
) ENGINE=InnoDB DEFAULT CHARSET=utf8;

--
-- Dumping data for table `groups`
--

INSERT INTO `groups` (`id`, `name`, `description`) VALUES
(1, 'admin', 'Administrator'),
(2, 'members', 'General User');

-- --------------------------------------------------------

--
-- Table structure for table `login_attempts`
--

CREATE TABLE `login_attempts` (
  `id` int(11) UNSIGNED NOT NULL,
  `ip_address` varchar(45) NOT NULL,
  `login` varchar(100) NOT NULL,
  `time` int(11) UNSIGNED DEFAULT NULL
) ENGINE=InnoDB DEFAULT CHARSET=utf8;

--
-- Dumping data for table `login_attempts`
--

INSERT INTO `login_attempts` (`id`, `ip_address`, `login`, `time`) VALUES
(1, '::1', 'admin@admin.co', 1596031382),
(2, '::1', 'admin@admin.co', 1596035737),
(3, '::1', 'sad', 1596093837),
(4, '::1', 'adsasd', 1596095031),
(6, '::1', 'ads@gmail.com', 1596096539),
(7, '::1', 'adn@adm.com', 1596096658),
(8, '::1', 'asdasd@adad.com', 1596096694),
(9, '::1', 'asdasd@ADASD.COM', 1596096731),
(10, '::1', 'asdad@gmail.com', 1596096920),
(11, '::1', 'asdasd@admad.com', 1596097495),
(12, '::1', 'asdad@SADAD', 1596097581),
(13, '::1', 'ASDASD@adsasd.com', 1596097628),
(14, '::1', 'asdasd@ADAD.COM', 1596097736),
(15, '::1', 'SADASD@asdasd.comm', 1596097956),
(16, '::1', 'sadasd@gmail.com', 1596098081),
(17, '::1', 'asdasd@gmail.com', 1596098139),
(18, '::1', 'asdasdasd@asdasd.com', 1596098157),
(19, '::1', 'asdasd@asd.com', 1596098194),
(20, '::1', 'asdasd@asdasd.com', 1596098274),
(21, '::1', 'sadasd@asda', 1596098342),
(22, '::1', 'asdasd@sda', 1596098360);

-- --------------------------------------------------------

--
-- Table structure for table `menu`
--

CREATE TABLE `menu` (
  `id` int(11) NOT NULL,
  `name` varchar(50) NOT NULL,
  `link` varchar(50) NOT NULL,
  `icon` varchar(30) NOT NULL,
  `is_active` int(1) NOT NULL,
  `is_parent` int(1) NOT NULL,
  `order` int(11) DEFAULT NULL
) ENGINE=InnoDB DEFAULT CHARSET=latin1;

--
-- Dumping data for table `menu`
--

INSERT INTO `menu` (`id`, `name`, `link`, `icon`, `is_active`, `is_parent`, `order`) VALUES
(20, 'User Management', 'admin/user-management', 'far fa-circle', 1, 0, 1),
(43, 'General Settings', 'admin/general-setting', 'far fa-circle', 1, 0, 2);

-- --------------------------------------------------------

--
-- Table structure for table `users`
--

CREATE TABLE `users` (
  `id` int(11) UNSIGNED NOT NULL,
  `ip_address` varchar(45) NOT NULL,
  `username` varchar(100) DEFAULT NULL,
  `password` varchar(255) NOT NULL,
  `email` varchar(254) NOT NULL,
  `activation_selector` varchar(255) DEFAULT NULL,
  `activation_code` varchar(255) DEFAULT NULL,
  `forgotten_password_selector` varchar(255) DEFAULT NULL,
  `forgotten_password_code` varchar(255) DEFAULT NULL,
  `forgotten_password_time` int(11) UNSIGNED DEFAULT NULL,
  `remember_selector` varchar(255) DEFAULT NULL,
  `remember_code` varchar(255) DEFAULT NULL,
  `created_on` int(11) UNSIGNED NOT NULL,
  `last_login` int(11) UNSIGNED DEFAULT NULL,
  `active` tinyint(1) UNSIGNED DEFAULT NULL,
  `first_name` varchar(50) DEFAULT NULL,
  `last_name` varchar(50) DEFAULT NULL,
  `company` varchar(100) DEFAULT NULL,
  `phone` varchar(20) DEFAULT NULL
) ENGINE=InnoDB DEFAULT CHARSET=utf8;

--
-- Dumping data for table `users`
--

INSERT INTO `users` (`id`, `ip_address`, `username`, `password`, `email`, `activation_selector`, `activation_code`, `forgotten_password_selector`, `forgotten_password_code`, `forgotten_password_time`, `remember_selector`, `remember_code`, `created_on`, `last_login`, `active`, `first_name`, `last_name`, `company`, `phone`) VALUES
(1, '127.0.0.1', 'administrator', '$2y$12$3dZThJeIvYwz28UZK4O5XujIkDEKAoYmEiiIznKykz5lcC1TpjPfm', 'admin@admin.com', NULL, '', NULL, NULL, NULL, NULL, NULL, 1268889823, 1596105508, 1, 'Admin', 'istrator', 'ADMIN', '0'),
(2, '::1', NULL, '$2y$10$Fw4AO3nWkHO1UiLBevJE8uX8nNVQagW/qlqqumoo8cfLTfwzkHTdO', 'reactmorecom@gmail.com', NULL, NULL, '73f40c4ec6f4a216e9c9', '$2y$10$4tvluydi/uuij6dp55jk/uF3BqwgQSOLRgNEZOF0USmpYInsQm9L2', 1596036392, NULL, NULL, 1596036365, NULL, 1, 'Andry', 'Setyoso', 'Reactmore', '085155092922'),
(3, '::1', NULL, '$2y$10$rfX5Q956D5vHgRbcBz2UVOrdn9G6QbplKc6QVHuE2yDve3O7Sbfu.', 'asdasd@gmail.com', NULL, NULL, NULL, NULL, NULL, NULL, NULL, 1596100643, NULL, 1, 'asdasd', 'asdasd', 'saasd', NULL),
(4, '::1', NULL, '$2y$10$6zEXxCdazdmOLkOo2uxd4utaP47VAhNfgvvThFP8n4tXg.fXP/KdW', 'asdasdasd@asdasd.com', NULL, NULL, NULL, NULL, NULL, NULL, NULL, 1596101042, NULL, 1, 'asdasd', 'asdasd', 'asdasd', 'asdasdasd');

-- --------------------------------------------------------

--
-- Table structure for table `users_groups`
--

CREATE TABLE `users_groups` (
  `id` int(11) UNSIGNED NOT NULL,
  `user_id` int(11) UNSIGNED NOT NULL,
  `group_id` mediumint(8) UNSIGNED NOT NULL
) ENGINE=InnoDB DEFAULT CHARSET=utf8;

--
-- Dumping data for table `users_groups`
--

INSERT INTO `users_groups` (`id`, `user_id`, `group_id`) VALUES
(1, 1, 1),
(2, 1, 2),
(3, 2, 2),
(4, 3, 2),
(5, 4, 2);

--
-- Indexes for dumped tables
--

--
-- Indexes for table `ci_sessions`
--
ALTER TABLE `ci_sessions`
  ADD KEY `ci_sessions_timestamp` (`timestamp`);

--
-- Indexes for table `groups`
--
ALTER TABLE `groups`
  ADD PRIMARY KEY (`id`);

--
-- Indexes for table `login_attempts`
--
ALTER TABLE `login_attempts`
  ADD PRIMARY KEY (`id`);

--
-- Indexes for table `menu`
--
ALTER TABLE `menu`
  ADD PRIMARY KEY (`id`);

--
-- Indexes for table `users`
--
ALTER TABLE `users`
  ADD PRIMARY KEY (`id`),
  ADD UNIQUE KEY `uc_email` (`email`),
  ADD UNIQUE KEY `uc_activation_selector` (`activation_selector`),
  ADD UNIQUE KEY `uc_forgotten_password_selector` (`forgotten_password_selector`),
  ADD UNIQUE KEY `uc_remember_selector` (`remember_selector`);

--
-- Indexes for table `users_groups`
--
ALTER TABLE `users_groups`
  ADD PRIMARY KEY (`id`),
  ADD UNIQUE KEY `uc_users_groups` (`user_id`,`group_id`),
  ADD KEY `fk_users_groups_users1_idx` (`user_id`),
  ADD KEY `fk_users_groups_groups1_idx` (`group_id`);

--
-- AUTO_INCREMENT for dumped tables
--

--
-- AUTO_INCREMENT for table `groups`
--
ALTER TABLE `groups`
  MODIFY `id` mediumint(8) UNSIGNED NOT NULL AUTO_INCREMENT, AUTO_INCREMENT=3;

--
-- AUTO_INCREMENT for table `login_attempts`
--
ALTER TABLE `login_attempts`
  MODIFY `id` int(11) UNSIGNED NOT NULL AUTO_INCREMENT, AUTO_INCREMENT=23;

--
-- AUTO_INCREMENT for table `menu`
--
ALTER TABLE `menu`
  MODIFY `id` int(11) NOT NULL AUTO_INCREMENT, AUTO_INCREMENT=44;

--
-- AUTO_INCREMENT for table `users`
--
ALTER TABLE `users`
  MODIFY `id` int(11) UNSIGNED NOT NULL AUTO_INCREMENT, AUTO_INCREMENT=5;

--
-- AUTO_INCREMENT for table `users_groups`
--
ALTER TABLE `users_groups`
  MODIFY `id` int(11) UNSIGNED NOT NULL AUTO_INCREMENT, AUTO_INCREMENT=6;

--
-- Constraints for dumped tables
--

--
-- Constraints for table `users_groups`
--
ALTER TABLE `users_groups`
  ADD CONSTRAINT `fk_users_groups_groups1` FOREIGN KEY (`group_id`) REFERENCES `groups` (`id`) ON DELETE CASCADE ON UPDATE NO ACTION,
  ADD CONSTRAINT `fk_users_groups_users1` FOREIGN KEY (`user_id`) REFERENCES `users` (`id`) ON DELETE CASCADE ON UPDATE NO ACTION;
COMMIT;

/*!40101 SET CHARACTER_SET_CLIENT=@OLD_CHARACTER_SET_CLIENT */;
/*!40101 SET CHARACTER_SET_RESULTS=@OLD_CHARACTER_SET_RESULTS */;
/*!40101 SET COLLATION_CONNECTION=@OLD_COLLATION_CONNECTION */;
